Ratio,Average_Out_Degree,Recall_efSearch100
10%,26.557,0.851296
20%,29.7809,0.875614
30%,32.4183,0.891834
40%,34.6572,0.90127
50%,36.6017,0.906989
100%,43.2198,0.921263
